{"cameraMode":{"drawMode":0,"name":"Shaded","section":"Shading Mode"},"sceneLighting":true,"audioPlay":false,"sceneViewState":{"m_AlwaysRefresh":false,"showFog":true,"showSkybox":true,"showFlares":true,"showImageEffects":true,"showParticleSystems":true,"showVisualEffectGraphs":true,"m_FxEnabled":true},"in2DMode":false,"pivot":{"x":1.812153697013855,"y":0.9881271123886108,"z":-1.0800143480300904},"rotation":{"x":-0.009845378808677197,"y":-0.989056408405304,"z":0.12499282509088516,"w":-0.07789266854524613},"size":2.345144033432007,"orthographic":false}